PLAYER_NAME,EFG_PCT,TS_PCT,USG_PCT,E_USG_PCT,PACE,E_PACE,PIE
A.J. Lawson,0.508,0.542,0.189,0.193,103.71,103.3,0.082
AJ Green,0.612,0.621,0.123,0.127,100.84,101.39,0.058
AJ Johnson,0.441,0.48,0.173,0.178,100.83,101.46,0.053
Aaron Gordon,0.607,0.65,0.186,0.189,101.64,102.24,0.104
Aaron Holiday,0.571,0.594,0.162,0.168,103.09,102.69,0.082
Aaron Nesmith,0.617,0.653,0.171,0.176,101.64,102.15,0.087
Aaron Wiggins,0.577,0.596,0.2,0.204,101.91,102.3,0.105
Adam Flagler,0.333,0.335,0.207,0.218,100.16,98.22,0.025
Adama Sanogo,0.571,0.571,0.145,0.158,103.82,99.4,0.078
Adem Bona,0.703,0.714,0.135,0.14,100.51,100.51,0.093
Ajay Mitchell,0.557,0.587,0.159,0.165,100.63,100.96,0.082
Al Horford,0.547,0.563,0.136,0.139,97.75,98.66,0.091
Alec Burks,0.587,0.608,0.16,0.165,98.03,98.61,0.088
Alex Caruso,0.541,0.568,0.147,0.152,102.7,103.01,0.101
Alex Ducas,0.567,0.583,0.115,0.12,102.63,101.97,0.065
Alex Len,0.524,0.525,0.101,0.106,101.55,99.68,0.057
Alex Reese,0.62,0.641,0.123,0.128,104.64,104.77,0.079
Alex Sarr,0.457,0.482,0.23,0.234,104.3,104.83,0.084
Alondes Williams,1.25,1.25,0.286,0.286,90.4,89.63,0.4
Alperen Sengun,0.505,0.545,0.259,0.264,99.47,100.76,0.153
Amen Thompson,0.575,0.602,0.172,0.176,100.0,101.1,0.129
Amir Coffey,0.57,0.614,0.15,0.153,99.23,99.59,0.072
Andre Drummond,0.506,0.535,0.183,0.188,98.83,99.28,0.109
Andre Jackson Jr.,0.553,0.554,0.115,0.118,101.48,101.45,0.051
Andrew Nembhard,0.506,0.545,0.163,0.165,101.31,101.86,0.081
Andrew Wiggins,0.526,0.566,0.238,0.243,99.96,100.8,0.105
Anfernee Simons,0.521,0.557,0.241,0.249,99.72,100.71,0.106
Anthony Black,0.473,0.521,0.19,0.196,97.83,98.98,0.084
Anthony Davis,0.536,0.588,0.301,0.308,98.83,99.84,0.179
Anthony Edwards,0.547,0.595,0.307,0.314,98.27,99.61,0.14
Anthony Gill,0.545,0.586,0.124,0.13,101.23,100.51,0.071
Anton Watson,0.444,0.444,0.193,0.206,111.52,103.94,0.033
Antonio Reeves,0.558,0.579,0.183,0.188,101.12,101.39,0.072
Ariel Hukporti,0.677,0.654,0.113,0.117,102.57,101.64,0.048
Armel Traoré,0.316,0.317,0.153,0.165,102.24,98.22,0.027
Ausar Thompson,0.547,0.568,0.185,0.189,102.76,103.65,0.104
Austin Reaves,0.556,0.616,0.23,0.237,99.86,100.87,0.118
Ayo Dosunmu,0.561,0.585,0.163,0.167,104.63,104.93,0.084
Bam Adebayo,0.521,0.561,0.232,0.237,97.02,97.42,0.137
Baylor Scheierman,0.473,0.49,0.143,0.148,95.28,94.42,0.074
Ben Sheppard,0.537,0.555,0.108,0.112,102.92,102.45,0.055
Ben Simmons,0.52,0.539,0.133,0.136,98.17,98.61,0.103
Bennedict Mathurin,0.516,0.579,0.222,0.228,101.52,101.93,0.092
Bilal Coulibaly,0.472,0.515,0.175,0.179,103.22,104.48,0.07
Bismack Biyombo,0.588,0.576,0.124,0.127,100.23,100.35,0.08
Blake Wesley,0.481,0.51,0.165,0.168,101.92,100.91,0.066
Bobby Portis,0.52,0.542,0.234,0.239,101.2,101.89,0.131
Bobi Klintman,0.7,0.689,0.121,0.123,96.83,95.34,0.095
Bogdan Bogdanović,0.534,0.559,0.183,0.188,101.35,101.59,0.074
Bol Bol,0.612,0.627,0.204,0.209,102.75,101.49,0.114
Bones Hyland,0.534,0.576,0.274,0.281,98.61,99.58,0.108
Bradley Beal,0.571,0.598,0.219,0.224,100.02,99.68,0.093
Branden Carlson,0.557,0.581,0.185,0.192,103.83,102.66,0.101
Brandin Podziemski,0.537,0.557,0.177,0.184,100.36,100.64,0.114
Brandon Boston,0.5,0.535,0.199,0.202,99.87,100.85,0.085
Brandon Clarke,0.622,0.638,0.15,0.155,105.54,106.63,0.108
Brandon Ingram,0.53,0.56,0.305,0.31,97.49,98.88,0.122
Brandon Miller,0.509,0.54,0.27,0.275,98.77,100.5,0.1
Brandon Williams,0.585,0.634,0.218,0.224,104.74,104.36,0.119
Braxton Key,0.0,0.226,0.222,0.23,130.81,123.71,-0.026
Brice Sensabaugh,0.59,0.612,0.208,0.213,103.21,104.27,0.087
Bronny James,0.381,0.424,0.199,0.21,99.45,97.08,0.05
Brook Lopez,0.599,0.624,0.157,0.159,100.24,101.07,0.087
Bruce Brown,0.464,0.504,0.169,0.175,100.19,100.4,0.078
Bruno Fernando,0.531,0.552,0.182,0.188,100.37,98.4,0.1
Bryce McGowens,0.286,0.391,0.244,0.265,102.7,96.94,0.0
Bub Carrington,0.493,0.514,0.154,0.159,103.06,103.44,0.071
Buddy Hield,0.546,0.56,0.196,0.202,100.82,101.3,0.085
CJ McCollum,0.53,0.55,0.266,0.271,101.56,102.76,0.097
Cade Cunningham,0.521,0.565,0.323,0.33,101.57,103.01,0.152
Caleb Houstan,0.589,0.605,0.115,0.118,96.82,97.45,0.061
Caleb Martin,0.485,0.513,0.143,0.147,98.64,98.99,0.063
Cam Christie,0.333,0.349,0.192,0.203,103.12,98.1,0.07
Cam Reddish,0.473,0.498,0.084,0.088,100.53,100.69,0.04
Cam Spencer,0.53,0.587,0.148,0.154,103.04,102.19,0.087
Cam Thomas,0.513,0.575,0.328,0.335,96.1,98.0,0.122
Cam Whitmore,0.525,0.549,0.231,0.237,100.93,101.73,0.108
Cameron Johnson,0.582,0.632,0.224,0.23,97.41,98.99,0.124
Cameron Payne,0.506,0.532,0.2,0.206,100.23,100.86,0.089
Caris LeVert,0.556,0.582,0.191,0.196,103.21,103.93,0.094
Cason Wallace,0.55,0.562,0.124,0.127,101.87,102.79,0.075
Charles Bassey,0.581,0.597,0.164,0.171,105.46,104.59,0.113
Chet Holmgren,0.554,0.599,0.214,0.218,103.83,104.67,0.122
Chris Boucher,0.586,0.615,0.208,0.213,99.28,99.91,0.126
Chris Duarte,0.577,0.61,0.151,0.163,108.61,106.21,0.127
Chris Livingston,0.333,0.441,0.15,0.158,104.34,102.1,0.099
Chris Paul,0.547,0.58,0.137,0.141,100.48,101.04,0.102
Christian Braun,0.634,0.665,0.155,0.159,101.04,101.95,0.096
Christian Koloko,0.606,0.624,0.104,0.107,101.19,99.96,0.082
Chuma Okeke,0.638,0.641,0.093,0.096,99.08,99.3,0.089
Clint Capela,0.559,0.564,0.16,0.164,105.23,105.86,0.117
Coby White,0.55,0.601,0.237,0.245,105.37,105.56,0.103
Cody Martin,0.485,0.509,0.142,0.145,101.2,101.68,0.08
Cody Williams,0.391,0.419,0.122,0.126,103.19,103.64,0.021
Colby Jones,0.519,0.544,0.138,0.142,99.47,99.08,0.078
Cole Anthony,0.494,0.531,0.238,0.244,97.7,98.56,0.105
Cole Swider,0.468,0.465,0.155,0.159,104.92,105.22,0.046
Colin Castleton,0.48,0.536,0.125,0.129,102.22,102.51,0.074
Collin Gillespie,0.554,0.578,0.17,0.174,98.66,97.57,0.105
Collin Sexton,0.543,0.593,0.264,0.27,101.38,101.88,0.106
Corey Kispert,0.558,0.584,0.169,0.175,102.68,103.35,0.074
Cory Joseph,0.529,0.547,0.126,0.129,98.59,98.55,0.075
Craig Porter Jr.,0.589,0.61,0.155,0.16,100.91,101.29,0.091
Cui Yongxi,0.143,0.19,0.296,0.318,118.62,108.95,-0.056
D'Angelo Russell,0.479,0.522,0.228,0.235,99.59,100.76,0.098
D.J. Carton,0.143,0.202,0.122,0.131,110.7,108.81,0.007
DaQuan Jeffries,0.5,0.518,0.136,0.139,98.04,98.52,0.046
Daeqwon Plowden,0.82,0.831,0.181,0.185,101.64,98.4,0.122
Daishen Nix,0.0,0.266,0.176,0.182,108.82,103.45,0.024
Dalano Banton,0.462,0.497,0.237,0.241,101.21,101.91,0.089
Dalen Terry,0.517,0.546,0.142,0.146,106.51,105.85,0.056
Dalton Knecht,0.576,0.594,0.181,0.187,98.26,98.84,0.087
Damian Lillard,0.547,0.621,0.269,0.275,100.86,101.9,0.144
Damion Baugh,0.369,0.399,0.186,0.191,99.5,98.99,0.051
Damion Lee,0.426,0.499,0.269,0.278,104.99,101.83,0.089
Daniel Gafford,0.702,0.716,0.186,0.192,101.73,102.14,0.141
Daniel Theis,0.508,0.558,0.111,0.114,102.26,103.26,0.081
Daniss Jenkins,0.35,0.322,0.231,0.234,97.06,87.95,0.0
Danté Exum,0.563,0.589,0.193,0.198,101.4,101.55,0.083
Dario Šarić,0.422,0.449,0.157,0.162,99.59,100.94,0.067
Dariq Whitehead,0.578,0.58,0.189,0.195,103.67,102.54,0.065
Darius Garland,0.562,0.6,0.265,0.27,101.32,102.89,0.126
David Duke Jr.,0.536,0.538,0.207,0.208,104.64,103.18,0.087
David Roddy,0.532,0.561,0.159,0.164,104.43,104.11,0.089
Davion Mitchell,0.557,0.573,0.135,0.138,98.76,99.36,0.069
Day'Ron Sharpe,0.538,0.568,0.186,0.192,97.35,97.77,0.134
De'Aaron Fox,0.514,0.56,0.274,0.28,102.22,102.68,0.119
De'Andre Hunter,0.573,0.623,0.221,0.226,104.77,105.57,0.101
De'Anthony Melton,0.528,0.539,0.223,0.231,105.54,105.04,0.091
DeAndre Jordan,0.65,0.621,0.126,0.129,100.07,100.77,0.115
DeMar DeRozan,0.509,0.569,0.244,0.25,99.35,100.33,0.112
Dean Wade,0.561,0.563,0.101,0.105,101.1,101.82,0.067
Deandre Ayton,0.573,0.583,0.197,0.2,98.94,100.18,0.125
Dejounte Murray,0.445,0.494,0.263,0.268,102.86,104.11,0.118
Delon Wright,0.42,0.44,0.111,0.114,98.84,98.56,0.061
Deni Avdija,0.55,0.605,0.228,0.233,99.86,101.25,0.126
Dennis Schröder,0.483,0.531,0.211,0.217,100.49,101.4,0.091
Dereck Lively II,0.702,0.704,0.132,0.135,100.99,100.96,0.124
Derrick Jones Jr.,0.593,0.609,0.16,0.163,99.72,100.32,0.076
Derrick White,0.58,0.606,0.195,0.198,97.89,99.01,0.106
Desmond Bane,0.565,0.6,0.227,0.233,104.58,106.08,0.131
Devin Booker,0.525,0.589,0.285,0.292,98.72,99.28,0.122
Devin Carter,0.441,0.471,0.169,0.176,100.14,99.4,0.07
Devin Vassell,0.532,0.553,0.217,0.222,100.8,101.86,0.092
Dillon Brooks,0.533,0.555,0.176,0.179,98.94,100.88,0.067
Dillon Jones,0.444,0.464,0.131,0.135,101.09,101.26,0.066
Domantas Sabonis,0.627,0.655,0.213,0.215,99.78,101.15,0.164
Dominick Barlow,0.562,0.58,0.141,0.148,104.7,104.2,0.082
Donovan Clingan,0.56,0.574,0.135,0.138,101.68,102.79,0.105
Donovan Mitchell,0.531,0.575,0.298,0.309,102.21,102.49,0.137
Donte DiVincenzo,0.568,0.582,0.188,0.194,100.17,101.0,0.1
Dorian Finney-Smith,0.597,0.604,0.123,0.125,98.14,99.15,0.06
Doug McDermott,0.615,0.617,0.15,0.159,101.3,99.6,0.051
Draymond Green,0.503,0.534,0.157,0.161,101.35,101.83,0.088
Drew Eubanks,0.601,0.622,0.149,0.152,102.72,102.21,0.111
Drew Peterson,0.573,0.601,0.121,0.124,96.96,96.21,0.078
Drew Timme,0.485,0.5,0.205,0.212,100.3,101.41,0.086
Dru Smith,0.639,0.656,0.131,0.133,100.58,101.11,0.082
Duncan Robinson,0.581,0.595,0.187,0.193,97.68,97.88,0.078
Duop Reath,0.524,0.552,0.162,0.165,102.71,102.86,0.077
Dwight Powell,0.705,0.713,0.073,0.076,102.17,101.35,0.073
Dyson Daniels,0.536,0.545,0.178,0.181,104.17,105.3,0.099
E.J. Liddell,0.633,0.661,0.13,0.141,110.79,106.59,0.047
Elfrid Payton,0.332,0.34,0.151,0.156,101.3,101.23,0.079
Elijah Harkless,0.414,0.425,0.12,0.12,99.3,101.49,0.037
Emanuel Miller,0.5,0.563,0.143,0.15,106.74,101.77,0.092
Emoni Bates,0.487,0.487,0.201,0.209,104.3,103.54,0.08
Enrique Freeman,0.446,0.507,0.109,0.113,107.55,106.83,0.04
Eric Gordon,0.564,0.591,0.14,0.144,99.62,100.21,0.067
Evan Mobley,0.604,0.633,0.226,0.233,102.16,102.34,0.151
Franz Wagner,0.507,0.558,0.306,0.311,97.65,98.9,0.153
Fred VanVleet,0.483,0.515,0.176,0.18,98.18,100.24,0.093
GG Jackson,0.452,0.482,0.219,0.224,102.73,102.47,0.064
Gabe Vincent,0.53,0.536,0.131,0.135,100.07,100.33,0.039
Garrett Temple,0.35,0.406,0.129,0.133,105.94,104.57,0.051
Garrison Mathews,0.562,0.606,0.153,0.162,105.43,104.95,0.068
Gary Harris,0.519,0.524,0.09,0.093,99.58,100.46,0.043
Gary Payton II,0.626,0.635,0.156,0.165,102.12,101.41,0.104
Gary Trent Jr.,0.568,0.591,0.168,0.173,100.75,100.96,0.07
Georges Niang,0.595,0.607,0.177,0.182,102.45,102.95,0.071
Giannis Antetokounmpo,0.607,0.625,0.346,0.352,100.18,101.24,0.21
Goga Bitadze,0.615,0.631,0.142,0.145,95.8,97.04,0.134
Gradey Dick,0.498,0.543,0.209,0.212,101.36,102.39,0.071
Grant Williams,0.549,0.596,0.146,0.147,99.95,100.89,0.076
Grayson Allen,0.6,0.631,0.169,0.175,100.84,99.98,0.084
Guerschon Yabusele,0.593,0.616,0.163,0.167,97.28,98.23,0.092
Gui Santos,0.553,0.575,0.126,0.131,99.78,100.0,0.073
Harrison Barnes,0.622,0.656,0.157,0.158,100.08,100.89,0.092
Harrison Ingram,0.5,0.5,0.06,0.061,103.6,104.26,0.08
Haywood Highsmith,0.572,0.583,0.111,0.114,97.33,97.78,0.057
Herbert Jones,0.5,0.541,0.146,0.148,100.76,102.2,0.062
Hunter Tyson,0.471,0.506,0.146,0.152,104.6,103.37,0.057
Immanuel Quickley,0.517,0.57,0.246,0.254,101.44,101.31,0.128
Isaac Jones,0.669,0.678,0.152,0.16,102.68,101.24,0.087
Isaac Okoro,0.569,0.587,0.124,0.127,100.08,101.42,0.057
Isaiah Collier,0.459,0.494,0.186,0.19,102.44,103.01,0.077
Isaiah Crawford,0.5,0.509,0.122,0.131,103.01,95.84,0.07
Isaiah Hartenstein,0.581,0.599,0.165,0.167,101.56,102.27,0.138
Isaiah Jackson,0.609,0.6,0.164,0.166,105.29,103.89,0.095
Isaiah Joe,0.604,0.617,0.166,0.171,102.23,102.61,0.089
Isaiah Mobley,0.357,0.381,0.17,0.182,111.94,108.9,0.099
Isaiah Stevens,0.0,0.0,0.143,0.167,112.43,98.94,0.125
Isaiah Stewart,0.586,0.616,0.121,0.125,101.75,102.46,0.096
Isaiah Wong,0.452,0.5,0.22,0.226,98.35,97.55,0.077
Ivica Zubac,0.628,0.641,0.192,0.195,98.55,99.68,0.157
JD Davison,0.412,0.445,0.228,0.238,94.28,93.78,0.079
JT Thor,0.475,0.517,0.132,0.136,98.57,99.15,0.065
Ja Morant,0.504,0.563,0.312,0.318,105.74,107.05,0.141
Ja'Kobe Walter,0.487,0.523,0.179,0.183,101.29,101.25,0.068
Jabari Smith Jr.,0.525,0.562,0.16,0.163,100.0,101.51,0.093
Jabari Walker,0.576,0.601,0.156,0.161,103.86,103.72,0.107
Jack McVeigh,0.412,0.412,0.176,0.18,109.32,108.54,0.02
Jackson Rowe,0.559,0.56,0.142,0.152,109.95,108.5,0.101
Jacob Toppin,0.523,0.523,0.14,0.15,101.56,96.95,0.09
Jaden Hardy,0.527,0.549,0.244,0.251,102.83,102.5,0.069
Jaden Ivey,0.536,0.569,0.256,0.263,99.52,100.05,0.099
Jaden McDaniels,0.537,0.562,0.16,0.164,98.07,99.15,0.086
Jaden Springer,0.456,0.511,0.139,0.143,102.79,101.73,0.063
Jae Crowder,0.409,0.467,0.113,0.119,100.89,100.51,0.048
Jae'Sean Tate,0.527,0.557,0.126,0.131,103.16,103.2,0.071
Jahlil Okafor,0.0,0.0,0.0,0.0,114.06,106.08,0.133
Jahmir Young,0.9,0.935,0.092,0.101,111.64,104.62,0.1
Jaime Jaquez Jr.,0.501,0.543,0.194,0.2,99.18,99.35,0.098
Jake LaRavia,0.564,0.591,0.14,0.143,103.86,104.66,0.081
Jakob Poeltl,0.628,0.641,0.184,0.188,101.44,102.73,0.133
Jalen Bridges,0.429,0.514,0.197,0.201,98.77,94.35,0.026
Jalen Brunson,0.551,0.605,0.289,0.295,97.79,98.78,0.138
Jalen Duren,0.692,0.703,0.161,0.163,101.29,102.36,0.14
Jalen Green,0.505,0.544,0.267,0.273,99.75,101.57,0.111
Jalen Hood-Schifino,0.449,0.494,0.164,0.168,101.36,101.43,0.049
Jalen Johnson,0.541,0.569,0.214,0.22,106.68,106.98,0.135
Jalen McDaniels,0.0,0.0,0.0,0.0,111.25,108.63,0.114
Jalen Pickett,0.539,0.545,0.13,0.135,99.25,99.35,0.078
Jalen Smith,0.554,0.586,0.201,0.208,106.06,106.18,0.133
Jalen Suggs,0.489,0.536,0.268,0.274,99.02,100.42,0.107
Jalen Williams,0.537,0.573,0.27,0.274,102.44,103.28,0.138
Jalen Wilson,0.495,0.541,0.161,0.166,97.23,98.47,0.065
Jamal Cain,0.513,0.544,0.167,0.172,100.49,100.48,0.067
Jamal Murray,0.543,0.584,0.235,0.241,100.72,101.48,0.111
Jamal Shead,0.476,0.499,0.179,0.186,102.18,102.29,0.07
Jamaree Bouyea,0.542,0.581,0.163,0.162,100.75,101.34,0.067
James Harden,0.501,0.582,0.286,0.294,98.82,100.09,0.145
James Johnson,0.364,0.35,0.165,0.187,100.28,93.26,0.015
James Wiseman,0.5,0.615,0.455,0.454,119.14,116.65,0.156
Jamison Battle,0.581,0.59,0.147,0.152,102.32,102.4,0.072
Jarace Walker,0.576,0.59,0.165,0.17,103.23,102.69,0.087
Jared Butler,0.514,0.549,0.222,0.23,102.6,103.22,0.102
Jared McCain,0.553,0.589,0.243,0.248,98.18,98.92,0.106
Jared Rhoden,0.552,0.602,0.183,0.185,103.89,104.11,0.106
Jaren Jackson Jr.,0.548,0.591,0.274,0.281,105.56,106.67,0.124
Jarred Vanderbilt,0.525,0.537,0.116,0.121,100.61,100.59,0.082
Jarrett Allen,0.706,0.724,0.156,0.158,101.43,102.69,0.148
Javonte Green,0.509,0.541,0.113,0.118,101.97,102.6,0.064
Jaxson Hayes,0.722,0.72,0.12,0.124,100.51,101.31,0.097
Jay Huff,0.648,0.666,0.194,0.2,106.71,106.22,0.108
Jaylen Brown,0.515,0.555,0.282,0.287,98.57,99.87,0.114
Jaylen Clark,0.558,0.598,0.115,0.117,101.98,101.32,0.057
Jaylen Martin,0.466,0.497,0.155,0.162,100.58,100.83,0.074
Jaylen Nowell,0.411,0.43,0.215,0.222,96.24,96.63,0.06
Jaylen Sims,0.536,0.607,0.159,0.162,100.89,100.84,0.057
Jaylen Wells,0.527,0.56,0.156,0.158,104.64,106.02,0.065
Jaylin Williams,0.577,0.594,0.141,0.145,102.7,102.6,0.124
Jaylon Tyson,0.497,0.523,0.164,0.168,101.31,101.47,0.075
Jayson Tatum,0.537,0.582,0.301,0.309,98.14,99.57,0.158
Jazian Gortman,0.478,0.485,0.195,0.219,109.79,103.82,0.031
Jeff Dowtin Jr.,0.548,0.57,0.176,0.183,99.32,99.5,0.106
Jeff Green,0.624,0.649,0.144,0.147,100.43,101.88,0.085
Jerami Grant,0.467,0.523,0.192,0.195,100.41,101.78,0.07
Jeremiah Robinson-Earl,0.536,0.563,0.14,0.143,100.95,101.36,0.087
Jeremy Sochan,0.565,0.589,0.184,0.188,101.53,102.2,0.101
Jericho Sims,0.634,0.639,0.074,0.077,98.7,97.45,0.07
Jesse Edwards,0.0,0.0,0.0,0.0,118.29,100.39,-0.043
Jett Howard,0.479,0.491,0.181,0.187,99.92,100.15,0.045
Jevon Carter,0.497,0.509,0.2,0.206,106.46,105.91,0.082
Jimmy Butler III,0.531,0.626,0.203,0.21,98.95,99.17,0.145
Jock Landale,0.569,0.59,0.148,0.153,103.58,104.29,0.097
Joe Ingles,0.326,0.326,0.113,0.117,102.03,101.88,0.025
Joel Embiid,0.481,0.58,0.342,0.348,99.95,100.52,0.169
John Collins,0.583,0.628,0.234,0.24,101.72,102.09,0.129
John Konchar,0.577,0.592,0.077,0.079,105.46,106.54,0.094
Johnny Davis,0.455,0.473,0.15,0.154,106.66,106.23,0.067
Johnny Furphy,0.462,0.506,0.118,0.124,105.49,104.22,0.059
Johnny Juzang,0.554,0.573,0.174,0.177,102.1,103.03,0.071
Jonas Valančiūnas,0.557,0.602,0.222,0.228,101.28,101.32,0.147
Jonathan Isaac,0.474,0.512,0.155,0.159,98.62,98.69,0.108
Jonathan Kuminga,0.495,0.535,0.271,0.275,100.21,101.11,0.11
Jonathan Mogbo,0.462,0.496,0.145,0.149,102.69,102.5,0.083
Jordan Clarkson,0.493,0.54,0.269,0.277,102.16,103.19,0.102
Jordan Goodwin,0.528,0.541,0.134,0.138,99.53,99.03,0.08
Jordan Hawkins,0.471,0.504,0.204,0.21,101.14,102.02,0.066
Jordan McLaughlin,0.563,0.6,0.134,0.138,99.58,99.01,0.083
Jordan Miller,0.463,0.509,0.175,0.18,100.15,100.25,0.07
Jordan Poole,0.544,0.591,0.281,0.287,103.95,105.14,0.107
Jordan Walsh,0.452,0.464,0.11,0.115,98.14,97.3,0.045
Jose Alvarado,0.498,0.523,0.193,0.199,99.89,100.83,0.09
Josh Christopher,0.387,0.416,0.235,0.25,109.7,105.95,0.063
Josh Giddey,0.531,0.57,0.214,0.218,104.47,104.97,0.13
Josh Green,0.543,0.559,0.115,0.118,100.08,100.85,0.043
Josh Hart,0.579,0.611,0.151,0.153,97.79,99.06,0.119
Josh Minott,0.567,0.605,0.16,0.169,104.77,103.34,0.095
Josh Okogie,0.519,0.567,0.185,0.191,98.69,99.3,0.1
Josh Richardson,0.368,0.402,0.134,0.139,100.82,100.81,0.015
Jrue Holiday,0.538,0.565,0.156,0.158,99.38,100.31,0.088
Julian Champagnie,0.549,0.577,0.164,0.17,102.25,102.69,0.079
Julian Phillips,0.533,0.571,0.126,0.13,104.0,103.76,0.055
Julian Strawther,0.529,0.559,0.173,0.178,102.79,103.31,0.057
Julius Randle,0.542,0.593,0.246,0.251,98.45,99.27,0.124
Justin Champagnie,0.601,0.614,0.15,0.156,102.96,103.31,0.101
Justin Edwards,0.546,0.559,0.165,0.168,99.43,100.16,0.062
Justin Minaya,0.429,0.411,0.107,0.113,103.22,98.54,0.02
Jusuf Nurkić,0.523,0.555,0.202,0.208,99.79,99.91,0.116
KJ Martin,0.59,0.618,0.112,0.116,100.63,101.42,0.061
KJ Simpson,0.4,0.437,0.188,0.192,99.1,99.99,0.06
Kai Jones,0.803,0.804,0.128,0.133,99.77,99.1,0.131
Karl-Anthony Towns,0.584,0.63,0.265,0.272,99.25,100.26,0.161
Karlo Matković,0.619,0.639,0.155,0.16,101.91,102.02,0.096
Kawhi Leonard,0.56,0.589,0.28,0.285,97.26,98.12,0.134
Keaton Wallace,0.485,0.503,0.164,0.17,102.77,101.88,0.074
Keegan Murray,0.538,0.553,0.148,0.151,100.09,100.95,0.075
Keion Brooks Jr.,0.55,0.581,0.169,0.175,101.63,100.92,0.079
Kel'el Ware,0.592,0.603,0.169,0.172,98.6,98.84,0.119
Keldon Johnson,0.538,0.572,0.207,0.213,102.06,102.5,0.103
Kelly Olynyk,0.562,0.609,0.185,0.187,100.28,100.61,0.098
Kelly Oubre Jr.,0.518,0.551,0.186,0.19,98.68,99.82,0.084
Kenrich Williams,0.576,0.587,0.151,0.156,101.26,100.79,0.093
Kentavious Caldwell-Pope,0.543,0.574,0.121,0.126,96.52,97.97,0.065
Keon Ellis,0.639,0.664,0.125,0.129,99.07,99.67,0.073
Keon Johnson,0.47,0.499,0.212,0.217,98.77,99.76,0.07
Keshad Johnson,0.75,0.718,0.145,0.155,106.64,102.79,0.114
Kessler Edwards,0.578,0.597,0.11,0.113,102.71,101.94,0.067
Kevin Durant,0.598,0.642,0.283,0.289,99.49,99.98,0.142
Kevin Huerter,0.535,0.544,0.171,0.174,102.32,103.05,0.073
Kevin Knox II,0.556,0.582,0.202,0.211,103.28,100.59,0.104
Kevin Love,0.461,0.488,0.23,0.233,103.56,103.26,0.109
Kevin McCullar Jr.,0.286,0.381,0.118,0.124,105.33,100.36,0.066
Kevin Porter Jr.,0.492,0.531,0.248,0.256,100.63,100.72,0.119
Kevon Looney,0.518,0.535,0.125,0.13,100.61,100.81,0.114
Keyonte George,0.485,0.539,0.237,0.244,101.25,102.03,0.093
Khris Middleton,0.546,0.588,0.208,0.214,104.75,104.85,0.114
Killian Hayes,0.512,0.559,0.145,0.147,101.72,102.88,0.085
Klay Thompson,0.535,0.552,0.214,0.219,100.53,100.94,0.083
Kobe Brown,0.5,0.513,0.134,0.141,98.21,96.9,0.083
Kobe Bufkin,0.426,0.483,0.203,0.209,106.96,105.06,0.086
Kris Dunn,0.525,0.531,0.126,0.128,99.24,100.17,0.07
Kris Murray,0.468,0.472,0.133,0.136,102.7,103.49,0.061
Kristaps Porziņģis,0.572,0.618,0.253,0.257,99.83,100.7,0.132
Kyle Anderson,0.51,0.538,0.152,0.157,100.06,100.35,0.108
Kyle Filipowski,0.576,0.594,0.184,0.189,102.46,102.89,0.103
Kyle Kuzma,0.493,0.514,0.233,0.239,102.96,103.35,0.08
Kyle Lowry,0.474,0.525,0.1,0.102,99.28,99.44,0.067
Kylor Kelley,0.636,0.644,0.097,0.097,104.42,103.86,0.072
Kyrie Irving,0.549,0.594,0.264,0.271,99.98,101.02,0.129
Kyshawn George,0.476,0.503,0.156,0.16,102.7,103.1,0.058
LaMelo Ball,0.494,0.536,0.342,0.349,101.33,102.49,0.127
Lamar Stevens,0.524,0.545,0.21,0.217,102.46,101.55,0.09
Landry Shamet,0.596,0.601,0.143,0.15,99.55,99.09,0.062
Larry Nance Jr.,0.626,0.632,0.155,0.16,104.76,104.86,0.106
Lauri Markkanen,0.521,0.571,0.231,0.237,101.64,102.14,0.103
LeBron James,0.571,0.604,0.291,0.301,100.62,100.82,0.169
Leonard Miller,0.4,0.54,0.239,0.26,107.87,98.51,0.202
Lester Quinones,0.481,0.514,0.213,0.218,105.49,105.86,0.065
Liam Robbins,0.25,0.363,0.128,0.134,106.17,102.54,-0.025
Lindy Waters III,0.498,0.504,0.145,0.149,99.37,100.13,0.061
Lonnie Walker IV,0.526,0.548,0.214,0.219,101.6,102.66,0.091
Lonzo Ball,0.504,0.524,0.152,0.158,105.6,105.68,0.078
Luguentz Dort,0.578,0.586,0.133,0.136,101.75,103.01,0.063
Luka Dončić,0.536,0.587,0.328,0.335,100.22,101.03,0.17
Luka Garza,0.543,0.573,0.241,0.253,105.17,103.05,0.101
Luke Kennard,0.609,0.631,0.14,0.145,104.99,105.74,0.093
Luke Kornet,0.668,0.683,0.111,0.113,95.87,96.14,0.114
Luke Travers,0.25,0.287,0.132,0.138,101.62,100.47,0.022
Mac McClung,0.0,0.0,0.087,0.091,98.5,96.34,0.0
Malachi Flynn,0.423,0.512,0.196,0.205,95.6,96.73,0.084
Malaki Branham,0.547,0.575,0.233,0.239,103.25,102.69,0.087
Malcolm Brogdon,0.467,0.544,0.231,0.24,103.18,102.6,0.113
Malevy Leons,0.0,0.266,0.102,0.107,99.59,95.65,-0.069
Malik Beasley,0.579,0.59,0.215,0.222,102.76,103.63,0.091
Malik Monk,0.513,0.549,0.236,0.24,101.33,102.2,0.099
MarJon Beauchamp,0.492,0.535,0.222,0.231,106.73,103.3,0.123
Marcus Bagley,0.428,0.456,0.128,0.132,102.58,103.21,0.077
Marcus Garrett,0.463,0.487,0.193,0.198,97.05,98.11,0.057
Marcus Sasser,0.561,0.589,0.187,0.195,102.0,101.9,0.095
Marcus Smart,0.488,0.529,0.198,0.204,107.13,107.48,0.086
Mark Williams,0.604,0.647,0.21,0.214,100.77,101.61,0.156
Markelle Fultz,0.448,0.452,0.196,0.203,99.36,97.23,0.065
Markieff Morris,0.364,0.385,0.202,0.207,100.86,99.71,0.045
Marvin Bagley III,0.533,0.56,0.2,0.205,103.88,103.42,0.123
Mason Jones,0.528,0.569,0.193,0.203,99.93,97.01,0.159
Mason Plumlee,0.619,0.645,0.105,0.107,100.08,99.49,0.098
Matas Buzelis,0.541,0.571,0.181,0.185,105.38,105.48,0.079
Matisse Thybulle,0.597,0.592,0.135,0.138,102.37,103.37,0.114
Matt Ryan,0.419,0.439,0.208,0.227,104.75,99.61,0.062
Max Christie,0.525,0.57,0.15,0.154,100.27,100.39,0.069
Max Strus,0.594,0.607,0.143,0.147,101.34,102.57,0.083
Maxi Kleber,0.453,0.489,0.085,0.088,101.75,101.11,0.035
Maxwell Lewis,0.505,0.516,0.164,0.169,99.39,98.67,0.066
Micah Potter,0.537,0.563,0.102,0.105,101.29,101.98,0.063
Michael Porter Jr.,0.596,0.617,0.197,0.201,101.52,102.14,0.101
Mikal Bridges,0.57,0.585,0.192,0.196,98.1,99.31,0.09
Mike Conley,0.535,0.573,0.141,0.145,97.92,98.78,0.092
Miles Bridges,0.495,0.541,0.273,0.279,100.58,101.86,0.135
Miles McBride,0.511,0.531,0.162,0.167,99.2,100.13,0.077
Miles Norris,0.333,0.354,0.127,0.128,88.67,92.27,0.088
Mitchell Robinson,0.661,0.676,0.109,0.112,96.37,95.91,0.122
Mo Bamba,0.531,0.557,0.15,0.155,98.15,97.73,0.1
Monté Morris,0.505,0.546,0.173,0.18,99.99,99.5,0.096
Moritz Wagner,0.616,0.649,0.254,0.261,99.97,101.34,0.165
Moses Brown,0.694,0.706,0.216,0.226,108.49,106.84,0.154
Moses Moody,0.544,0.578,0.17,0.176,100.74,100.88,0.076
Mouhamed Gueye,0.482,0.52,0.155,0.159,103.84,103.2,0.085
Moussa Diabaté,0.596,0.609,0.13,0.134,97.32,98.02,0.115
Myles Turner,0.577,0.612,0.207,0.211,100.19,100.83,0.103
N'Faly Dante,0.769,0.789,0.133,0.143,108.58,104.67,0.125
Nae'Qwan Tomlin,0.438,0.489,0.23,0.243,104.1,104.74,0.096
Naji Marshall,0.551,0.584,0.197,0.202,101.27,101.89,0.105
Nate Williams,0.484,0.496,0.212,0.221,108.85,106.82,0.038
Naz Reid,0.556,0.577,0.21,0.215,99.34,100.04,0.11
Neemias Queta,0.65,0.674,0.136,0.14,95.52,95.35,0.102
Nic Claxton,0.568,0.569,0.166,0.17,97.38,98.71,0.115
Nick Richards,0.591,0.634,0.169,0.172,98.62,99.0,0.107
Nick Smith Jr.,0.482,0.502,0.205,0.21,99.74,100.36,0.064
Nickeil Alexander-Walker,0.553,0.579,0.155,0.16,99.57,100.23,0.081
Nicolas Batum,0.622,0.633,0.087,0.09,100.22,99.96,0.069
Nikola Jokić,0.627,0.663,0.285,0.292,101.99,103.11,0.206
Nikola Jović,0.56,0.595,0.178,0.182,98.48,98.77,0.098
Nikola Vučević,0.592,0.611,0.221,0.226,104.11,104.97,0.136
Noah Clowney,0.474,0.516,0.185,0.189,97.91,99.09,0.061
Norman Powell,0.578,0.615,0.255,0.258,99.69,100.89,0.11
OG Anunoby,0.559,0.591,0.195,0.198,97.73,98.75,0.093
Obi Toppin,0.621,0.642,0.191,0.197,103.97,103.7,0.115
Ochai Agbaji,0.593,0.601,0.144,0.148,101.93,102.9,0.081
Olivier-Maxence Prosper,0.437,0.484,0.158,0.163,103.43,102.48,0.082
Onyeka Okongwu,0.602,0.634,0.169,0.172,104.52,105.49,0.122
Orlando Robinson,0.477,0.519,0.177,0.181,102.45,102.34,0.088
Oscar Tshiebwe,0.6,0.64,0.144,0.151,101.2,102.25,0.14
Oshae Brissett,0.564,0.576,0.154,0.162,101.4,101.01,0.05
Oso Ighodaro,0.604,0.61,0.103,0.106,99.05,98.85,0.073
Ousmane Dieng,0.524,0.538,0.152,0.158,102.86,103.24,0.088
P.J. Tucker,0.643,0.643,0.059,0.062,94.56,95.54,0.015
P.J. Washington,0.521,0.556,0.198,0.201,101.66,102.43,0.097
PJ Dozier,1.0,0.621,0.082,0.085,107.91,104.06,0.054
PJ Hall,0.625,0.641,0.176,0.182,99.0,95.52,0.168
Pacôme Dadiet,0.419,0.446,0.142,0.151,100.38,99.42,0.047
Paolo Banchero,0.5,0.551,0.33,0.337,97.29,98.58,0.157
Pascal Siakam,0.572,0.599,0.237,0.244,101.43,101.58,0.13
Pat Connaughton,0.542,0.567,0.151,0.157,99.41,99.68,0.088
Pat Spencer,0.431,0.455,0.204,0.213,103.26,100.97,0.093
Patrick Baldwin Jr.,0.729,0.721,0.151,0.153,104.77,103.28,0.122
Patrick Williams,0.49,0.512,0.165,0.169,105.94,106.31,0.062
Patty Mills,0.51,0.543,0.15,0.156,103.29,102.98,0.055
Paul George,0.514,0.543,0.233,0.238,98.87,99.85,0.106
Paul Reed,0.535,0.573,0.179,0.184,101.81,101.32,0.115
Payton Pritchard,0.62,0.633,0.186,0.19,96.45,97.13,0.116
Pelle Larsson,0.517,0.546,0.141,0.146,98.71,98.3,0.055
Pete Nance,0.578,0.578,0.116,0.121,97.1,97.14,0.054
Peyton Watson,0.533,0.564,0.138,0.142,101.83,102.11,0.066
Phillip Wheeler,0.143,0.183,0.221,0.227,96.76,95.25,-0.005
Precious Achiuwa,0.517,0.53,0.143,0.148,100.16,99.86,0.092
Quentin Grimes,0.565,0.595,0.218,0.225,100.7,101.49,0.105
Quenton Jackson,0.537,0.58,0.167,0.172,104.12,104.27,0.089
Quincy Olivari,0.3,0.3,0.231,0.241,102.52,99.36,-0.022
Quinten Post,0.582,0.595,0.197,0.203,100.02,99.5,0.095
RJ Barrett,0.523,0.547,0.28,0.286,102.74,103.63,0.121
RayJ Dennis,0.424,0.443,0.212,0.218,105.02,105.34,0.11
Rayan Rupert,0.465,0.499,0.156,0.162,104.66,103.89,0.055
Reece Beekman,0.36,0.4,0.122,0.126,99.16,98.96,0.051
Reed Sheppard,0.452,0.465,0.171,0.175,104.93,105.11,0.06
Reggie Jackson,0.485,0.496,0.17,0.18,98.88,97.71,0.067
Richaun Holmes,0.647,0.695,0.143,0.148,100.78,101.21,0.135
Ricky Council IV,0.442,0.502,0.196,0.203,99.93,100.1,0.08
Riley Minix,0.0,0.0,0.063,0.068,106.67,106.52,0.039
Rob Dillingham,0.5,0.503,0.215,0.224,101.82,100.83,0.078
Robert Williams III,0.647,0.679,0.12,0.124,100.69,100.9,0.137
Ron Harper Jr.,0.125,0.225,0.205,0.201,98.82,104.64,0.071
Ronald Holland II,0.517,0.556,0.177,0.183,101.0,101.61,0.078
Royce O'Neale,0.58,0.585,0.151,0.156,100.27,99.59,0.085
Rudy Gobert,0.669,0.687,0.129,0.131,97.63,98.94,0.126
Rui Hachimura,0.597,0.619,0.156,0.159,99.44,100.08,0.086
Russell Westbrook,0.505,0.532,0.23,0.235,103.3,104.14,0.093
Ryan Dunn,0.516,0.517,0.161,0.168,98.59,98.14,0.059
Ryan Rollins,0.577,0.6,0.179,0.185,101.74,101.76,0.088
Sam Hauser,0.627,0.632,0.14,0.144,96.4,96.51,0.083
Sam Merrill,0.567,0.583,0.14,0.143,101.26,102.52,0.069
Sandro Mamukelashvili,0.609,0.628,0.202,0.207,102.07,101.24,0.124
Santi Aldama,0.576,0.588,0.179,0.184,105.41,106.67,0.121
Scoot Henderson,0.496,0.54,0.22,0.223,100.99,102.03,0.084
Scottie Barnes,0.482,0.523,0.262,0.271,102.48,102.45,0.139
Scotty Pippen Jr.,0.553,0.582,0.188,0.195,105.6,106.43,0.106
Seth Curry,0.599,0.616,0.151,0.156,99.1,100.0,0.083
Shaedon Sharpe,0.519,0.551,0.25,0.255,99.88,101.12,0.102
Shai Gilgeous-Alexander,0.569,0.637,0.336,0.345,101.91,103.18,0.199
Shake Milton,0.528,0.563,0.162,0.168,98.81,98.68,0.081
Sidy Cissoko,0.483,0.471,0.156,0.168,103.79,101.03,0.057
Simone Fontecchio,0.504,0.544,0.152,0.157,103.26,103.44,0.068
Skal Labissiere,0.625,0.625,0.129,0.14,104.35,101.54,0.092
Spencer Dinwiddie,0.496,0.553,0.175,0.181,101.4,101.64,0.089
Spencer Jones,0.338,0.368,0.128,0.138,104.76,100.84,0.013
Stanley Umude,0.25,0.27,0.137,0.146,107.72,103.08,0.022
Stephen Curry,0.572,0.618,0.286,0.293,101.72,102.55,0.145
Stephon Castle,0.476,0.522,0.253,0.259,101.89,102.42,0.087
Steven Adams,0.545,0.541,0.127,0.13,99.77,100.91,0.109
Svi Mykhailiuk,0.507,0.526,0.198,0.202,101.83,102.59,0.067
T.J. McConnell,0.531,0.547,0.226,0.234,103.69,102.86,0.129
Taj Gibson,0.5,0.515,0.132,0.137,99.38,99.07,0.068
Talen Horton-Tucker,0.527,0.567,0.208,0.215,106.82,106.38,0.09
Tari Eason,0.543,0.567,0.185,0.191,101.55,102.62,0.117
Taurean Prince,0.6,0.613,0.123,0.125,100.95,101.52,0.064
Taylor Hendricks,0.306,0.354,0.113,0.114,105.0,106.9,0.036
Tazé Moore,0.25,0.276,0.224,0.236,108.82,110.36,0.105
Terance Mann,0.569,0.584,0.145,0.148,100.43,101.15,0.074
Terence Davis,0.0,0.0,0.111,0.118,91.33,94.01,0.0
Terrence Shannon Jr.,0.531,0.56,0.166,0.174,103.77,102.71,0.082
Terry Rozier,0.462,0.497,0.195,0.201,99.13,99.38,0.078
Terry Taylor,0.0,0.0,0.067,0.072,106.11,93.83,0.043
Thomas Bryant,0.583,0.614,0.162,0.17,102.45,101.71,0.11
Tidjane Salaün,0.414,0.457,0.15,0.153,98.5,98.97,0.065
Tim Hardaway Jr.,0.529,0.567,0.151,0.156,100.66,102.0,0.066
Tobias Harris,0.534,0.571,0.173,0.176,100.89,102.25,0.1
Tolu Smith,0.667,0.678,0.2,0.211,97.72,101.07,0.149
Tony Bradley,0.656,0.64,0.182,0.185,105.38,104.7,0.16
Torrey Craig,0.556,0.567,0.139,0.143,98.16,97.9,0.08
Tosan Evbuomwan,0.482,0.53,0.183,0.189,97.96,97.98,0.087
Toumani Camara,0.552,0.572,0.143,0.145,99.38,100.96,0.076
Trae Young,0.491,0.567,0.285,0.292,105.51,106.32,0.129
Trayce Jackson-Davis,0.576,0.587,0.164,0.17,101.53,101.38,0.12
Tre Jones,0.578,0.617,0.136,0.14,103.35,103.85,0.11
Tre Mann,0.509,0.537,0.25,0.261,99.0,99.67,0.098
Trendon Watford,0.51,0.557,0.226,0.233,97.8,98.09,0.101
Trentyn Flowers,0.364,0.446,0.194,0.211,108.62,103.15,0.029
Trevelin Queen,0.456,0.486,0.176,0.18,98.95,99.14,0.071
Trey Alexander,0.354,0.374,0.165,0.17,105.44,102.95,0.029
Trey Jemison III,0.554,0.537,0.121,0.124,99.06,97.66,0.044
Trey Lyles,0.528,0.551,0.139,0.142,100.04,100.18,0.087
Trey Murphy III,0.548,0.598,0.229,0.236,102.03,102.89,0.11
Tristan Thompson,0.437,0.41,0.123,0.127,100.56,100.3,0.083
Tristan Vukcevic,0.574,0.608,0.252,0.261,102.79,103.36,0.127
Tristan da Silva,0.495,0.522,0.149,0.153,96.97,97.81,0.074
Tristen Newton,0.125,0.178,0.185,0.209,123.38,116.13,-0.068
Ty Jerome,0.606,0.643,0.229,0.236,101.92,102.33,0.134
TyTy Washington Jr.,0.356,0.367,0.187,0.189,98.56,96.56,0.049
Tyler Herro,0.563,0.605,0.271,0.279,97.78,98.46,0.139
Tyler Kolek,0.415,0.453,0.152,0.159,102.35,100.39,0.072
Tyler Smith,0.61,0.626,0.205,0.215,105.22,102.33,0.123
Tyrese Haliburton,0.582,0.616,0.21,0.217,100.82,101.67,0.143
Tyrese Martin,0.513,0.533,0.179,0.185,98.64,98.38,0.084
Tyrese Maxey,0.511,0.562,0.293,0.299,98.34,99.75,0.127
Tyson Etienne,0.452,0.488,0.177,0.183,105.16,103.88,0.024
Tyus Jones,0.57,0.585,0.16,0.163,99.19,99.32,0.099
Ulrich Chomche,0.4,0.425,0.108,0.115,94.73,89.03,0.02
Vasilije Micić,0.43,0.462,0.199,0.204,97.45,98.34,0.061
Victor Wembanyama,0.559,0.594,0.3,0.309,101.0,100.82,0.168
Vince Williams Jr.,0.479,0.504,0.166,0.172,105.23,105.27,0.065
Vlatko Čančar,0.462,0.462,0.109,0.112,102.84,100.91,0.062
Vít Krejčí,0.651,0.661,0.131,0.134,102.63,103.13,0.086
Walker Kessler,0.671,0.66,0.133,0.136,100.8,101.6,0.127
Wendell Carter Jr.,0.498,0.544,0.159,0.162,97.19,98.21,0.099
Wendell Moore Jr.,0.524,0.553,0.133,0.137,100.73,100.96,0.083
Xavier Tillman,0.292,0.31,0.125,0.132,97.6,96.73,0.022
Yuki Kawamura,0.483,0.53,0.167,0.178,106.19,103.91,0.086
Yuri Collins,0.333,0.333,0.068,0.072,104.54,102.95,0.048
Yves Missi,0.547,0.572,0.141,0.143,99.85,100.78,0.09
Zaccharie Risacher,0.537,0.558,0.203,0.207,104.57,105.48,0.071
Zach Collins,0.56,0.605,0.166,0.169,102.77,103.44,0.106
Zach Edey,0.6,0.624,0.156,0.162,104.2,105.38,0.111
Zach LaVine,0.609,0.639,0.251,0.257,101.28,102.36,0.115
Zeke Nnaji,0.557,0.574,0.119,0.122,102.16,101.98,0.063
Ziaire Williams,0.511,0.55,0.179,0.183,97.77,98.8,0.081
Zion Williamson,0.57,0.6,0.325,0.335,103.3,103.51,0.167
Zyon Pullin,0.0,0.0,0.167,0.2,110.7,83.02,-0.087
